Workbook

Sheet Compras
A1: Evento | B1: Almuerzo con Quena
A2: Comercio | B2: Cencosud Retail S.A. (Jumbo Quilpué - Freire 2414)
A3: N° Boleta Electrónica | B3: 3492491858
A4: Fecha y Hora | B4: 04/10/2026 14:02
A5: Pagado por | B5: Ignacio Molina (Tarjeta de Crédito)
A6: Total Compra Boleta | B6: 59230
A8: Código | B8: Producto / Detalle | C8: Precio Lista ($) | D8: Descuento ($) | E8: Total Neto ($)
A9: 7802500000053 | B9: Spaghetti 5 Lucchetti (4 un) | C9: 4280 | D9: 1280 | E9: 3000
A10: 7802300000154 | B10: Salsa Tomate Mallo (6 un) | C10: 5340 | D10: 1360 | E10: 3980
A11: 7804684740107 | B11: Carne Molida 7% (2 un) | C11: 13980 | D11: 0 | E11: 13980
A12: 7802920423814 | B12: Queso Colún Reggianito (2 un) | C12: 4420 | D12: 640 | E12: 3780
A13: 7801610350409 | B13: Bebida Coca-Cola Sin Azúcar 1.5L (2 un) | C13: 4580 | D13: 1490 | E13: 3090
A14: 7801610175217 | B14: Bebida Sprite Zero | C14: 2590 | D14: 0 | E14: 2590
A15: 7801365000284 | B15: Champiñón Bandeja | C15: 1690 | D15: 0 | E15: 1690
A16: 7804684740008 | B16: Carne Molida 10% | C16: 6690 | D16: 0 | E16: 6690
A17: 7803455005131 | B17: Torta Merengue Lúcuma | C17: 19990 | D17: 0 | E17: 19990
A18: 7806500241416 | B18: Servilleta Nova | C18: 440 | D18: 0 | E18: 440
B19: TOTAL GENERAL BOLETA | C19: =SUM(C9:C18) | D19: =SUM(D9:D18) | E19: =SUM(E9:E18)

Sheet Porciones por Integrante
A1: Asistente / Porción | B1: N° Porciones | C1: Tarjeta de Cobranza Asignada | D1: Cuota Individual Calculada
A2: Pamela | B2: 1 | C2: Pamela (Grupo Familiar) | D2: =ROUND(Compras!$E$19 / $B$13 * B2, 0)
A3: Cote | B3: 1 | C3: Pamela (Grupo Familiar) | D3: =ROUND(Compras!$E$19 / $B$13 * B3, 0)
A4: Alejandra | B4: 1 | C4: Alejandra | D4: =ROUND(Compras!$E$19 / $B$13 * B4, 0)
A5: Ignacio | B5: 1 | C5: Ignacio | D5: =ROUND(Compras!$E$19 / $B$13 * B5, 0)
A6: Mindy | B6: 1 | C6: Mindy (Grupo Familiar) | D6: =ROUND(Compras!$E$19 / $B$13 * B6, 0)
A7: Mauricio | B7: 1 | C7: Mindy (Grupo Familiar) | D7: =ROUND(Compras!$E$19 / $B$13 * B7, 0)
A8: Gustavo | B8: 1 | C8: Mindy (Grupo Familiar) | D8: =ROUND(Compras!$E$19 / $B$13 * B8, 0)
A9: Joaquín | B9: 1 | C9: Joaquín (Grupo Familiar) | D9: =ROUND(Compras!$E$19 / $B$13 * B9, 0)
A10: Kheissa | B10: 1 | C10: Joaquín (Grupo Familiar) | D10: =ROUND(Compras!$E$19 / $B$13 * B10, 0)
A11: Carla | B11: 1 | C11: Carla (Grupo Familiar) | D11: =ROUND(Compras!$E$19 / $B$13 * B11, 0)
A12: Maxi y Martín (compartido) | B12: 1 | C12: Carla (Grupo Familiar) | D12: =ROUND(Compras!$E$19 / $B$13 * B12, 0)
A13: Total Porciones | B13: =SUM(B2:B12) | D13: =SUM(D2:D12)

Sheet División y Tarjetas
A1: Tarjeta / Responsable | B1: Porciones | C1: Personas Incluidas | D1: Total Cuota ($) | E1: Aportado en Boleta ($) | F1: Saldo a Liquidar ($) | G1: Acción / Destinatario | H1: Estado
A2: Pamela | B2: 2 | C2: Pamela (1) + Cote (1) | D2: =ROUND(Compras!$E$19 / 'Porciones por Integrante'!$B$13 * B2, 0) | E2: 0 | F2: =D2-E2 | G2: Transfiere a Ignacio | H2: Pendiente
A3: Alejandra | B3: 1 | C3: Alejandra (1) | D3: =ROUND(Compras!$E$19 / 'Porciones por Integrante'!$B$13 * B3, 0) | E3: 0 | F3: =D3-E3 | G3: Transfiere a Ignacio | H3: Pagado
A4: Ignacio | B4: 1 | C4: Ignacio (1) | D4: =ROUND(Compras!$E$19 / 'Porciones por Integrante'!$B$13 * B4, 0) | E4: 59230 | F4: =E4-D4 | G4: Organizador (Recauda $53.845) | H4: Organizador
A5: Mindy | B5: 3 | C5: Mindy (1) + Mauricio (1) + Gustavo (1) | D5: =ROUND(Compras!$E$19 / 'Porciones por Integrante'!$B$13 * B5, 0) | E5: 0 | F5: =D5-E5 | G5: Transfiere a Ignacio | H5: Pendiente
A6: Joaquín | B6: 2 | C6: Joaquín (1) + Kheissa (1) | D6: =ROUND(Compras!$E$19 / 'Porciones por Integrante'!$B$13 * B6, 0) | E6: 0 | F6: =D6-E6 | G6: Transfiere a Ignacio | H6: Pendiente
A7: Carla | B7: 2 | C7: Carla (1) + Maxi y Martín (1) | D7: =ROUND(Compras!$E$19 / 'Porciones por Integrante'!$B$13 * B7, 0) | E7: 0 | F7: =D7-E7 | G7: Transfiere a Ignacio | H7: Pendiente
A8: Totales | B8: =SUM(B2:B7) | D8: =SUM(D2:D7) | E8: =SUM(E2:E7) | F8: =SUMIF(G2:G7, "Transfiere a Ignacio", F2:F7) | G8: Total Recaudación Ignacio
